PICKUP_LOCATION_ID,PICKUP_BOROUGH,PICKUP_ZONE,PICKUP_SERVICE_ZONE,TRIPS_COUNT,TOTAL_REVENUE,AVG_TOTAL_AMOUNT,AVG_FARE_AMOUNT,AVG_TIP_AMOUNT,AVG_TRIP_DISTANCE,AVG_TRIP_DURATION_MINUTES,FIRST_PICKUP_DATETIME,LAST_PICKUP_DATETIME,DEMAND_RANK,REVENUE_RANK
132,Queens,JFK Airport,Airports,137413,11128425.96,80.99,62.91,9.22,15.94,37.36,2024-01-01 00:00:05.000,2024-01-31 23:59:54.000,3,1
138,Queens,LaGuardia Airport,Airports,87521,5808543.74,66.37,42.32,8.8,9.72,27.20,2024-01-01 00:01:07.000,2024-01-31 23:59:23.000,9,2
161,Manhattan,Midtown Center,Yellow Zone,139938,3348676.76,23.93,15.48,3.13,2.33,13.92,2024-01-01 00:00:02.000,2024-01-31 23:58:33.000,2,3
237,Manhattan,Upper East Side South,Yellow Zone,139969,2767427.91,19.77,12.36,2.62,1.71,11.03,2024-01-01 00:00:47.000,2024-01-31 23:53:09.000,1,4
230,Manhattan,Times Sq/Theatre District,Yellow Zone,102750,2755748.61,26.82,17.85,3.35,2.97,15.11,2024-01-01 01:58:58.000,2024-01-31 23:59:07.000,6,5
236,Manhattan,Upper East Side North,Yellow Zone,133773,2708709.6,20.25,12.85,2.68,1.87,11.24,2024-01-01 00:04:37.000,2024-01-31 23:58:56.000,4,6
186,Manhattan,Penn Station/Madison Sq West,Yellow Zone,102018,2457717.59,24.09,16.07,3.13,2.3,15.19,2024-01-01 00:03:59.000,2024-01-31 23:57:06.000,7,7
162,Manhattan,Midtown East,Yellow Zone,104213,2429382.85,23.31,15.05,3.06,2.26,13.39,2024-01-01 00:00:21.000,2024-01-31 23:59:43.000,5,8
142,Manhattan,Lincoln Square East,Yellow Zone,101613,2166479.53,21.32,13.61,2.83,2.12,11.79,2024-01-01 00:02:16.000,2024-01-31 23:57:27.000,8,9
163,Manhattan,Midtown North,Yellow Zone,83562,1967235.66,23.54,15.27,3.06,2.36,13.38,2024-01-01 00:01:09.000,2024-01-31 23:59:50.000,11,10
68,Manhattan,East Chelsea,Yellow Zone,75404,1862814.22,24.7,16.44,3.22,2.48,15.13,2024-01-01 00:01:06.000,2024-01-31 23:59:55.000,13,11
170,Manhattan,Murray Hill,Yellow Zone,80834,1859458.19,23,14.94,2.96,2.23,13.18,2024-01-01 00:01:22.000,2024-01-31 23:58:56.000,12,12
239,Manhattan,Upper West Side South,Yellow Zone,86353,1830948.67,21.2,13.59,2.83,2.12,11.58,2024-01-01 00:01:58.000,2024-01-31 23:59:02.000,10,13
48,Manhattan,Clinton East,Yellow Zone,73909,1693334.93,22.91,15.04,2.83,2.42,12.61,2024-01-01 00:01:25.000,2024-01-31 23:59:19.000,15,14
234,Manhattan,Union Sq,Yellow Zone,74243,1615645.68,21.76,13.87,2.89,2.01,12.65,2024-01-01 00:00:11.000,2024-01-31 23:59:05.000,14,15
164,Manhattan,Midtown South,Yellow Zone,62961,1476773.93,23.46,15.23,2.96,2.34,13.24,2024-01-01 00:00:42.000,2024-01-31 23:58:19.000,20,16
141,Manhattan,Lenox Hill West,Yellow Zone,72055,1461292.8,20.28,12.93,2.59,1.92,11.23,2024-01-01 00:03:12.000,2024-01-31 23:59:44.000,16,17
249,Manhattan,West Village,Yellow Zone,64165,1442743.17,22.48,14.61,2.99,2.23,13.07,2024-01-01 00:02:33.000,2024-01-31 23:59:44.000,17,18
140,Manhattan,Lenox Hill East,Yellow Zone,64117,1438883.89,22.44,14.84,2.8,2.31,13.06,2024-01-01 00:00:00.000,2024-01-31 23:56:20.000,18,19
79,Manhattan,East Village,Yellow Zone,63480,1411921.19,22.24,14.54,2.83,2.33,12.42,2024-01-01 00:01:40.000,2024-01-31 23:59:43.000,19,20
238,Manhattan,Upper West Side North,Yellow Zone,62441,1321550.62,21.16,13.85,2.75,2.19,11.67,2024-01-01 00:06:42.000,2024-01-31 23:59:30.000,21,21
107,Manhattan,Gramercy,Yellow Zone,57582,1242804.43,21.58,13.89,2.78,2.13,12.16,2024-01-01 00:02:27.000,2024-01-31 23:59:28.000,23,22
263,Manhattan,Yorkville West,Yellow Zone,58096,1183762.71,20.38,13,2.59,2.09,10.62,2024-01-01 00:00:36.000,2024-01-31 23:59:10.000,22,23
246,Manhattan,West Chelsea/Hudson Yards,Yellow Zone,49031,1173231.23,23.93,15.82,3.09,2.36,14.40,2024-01-01 00:05:45.000,2024-01-31 23:53:20.000,25,24
229,Manhattan,Sutton Place/Turtle Bay North,Yellow Zone,53830,1142427.87,21.22,13.66,2.73,2.02,12.14,2024-01-01 00:00:11.000,2024-01-31 23:56:07.000,24,25
100,Manhattan,Garment District,Yellow Zone,46565,1109432.12,23.83,15.87,2.79,2.4,14.10,2024-01-01 00:09:05.000,2024-01-31 23:57:58.000,27,26
43,Manhattan,Central Park,Yellow Zone,47246,1041328.66,22.04,14.43,2.89,2.16,12.90,2024-01-01 00:04:11.000,2024-01-31 23:31:27.000,26,27
90,Manhattan,Flatiron,Yellow Zone,45208,995651.96,22.02,14.17,2.87,2.13,12.57,2024-01-01 00:02:35.000,2024-01-31 23:58:05.000,28,28
231,Manhattan,TriBeCa/Civic Center,Yellow Zone,35805,933119.03,26.06,17.74,3.32,3.04,15.11,2024-01-01 00:04:01.000,2024-01-31 23:59:37.000,32,29
262,Manhattan,Yorkville East,Yellow Zone,41289,892833.09,21.62,14.15,2.73,2.31,11.41,2024-01-01 00:05:38.000,2024-01-31 23:50:01.000,29,30
114,Manhattan,Greenwich Village South,Yellow Zone,39069,881153.95,22.55,14.7,2.95,2.28,13.06,2024-01-01 00:01:06.000,2024-01-31 23:59:29.000,31,31
113,Manhattan,Greenwich Village North,Yellow Zone,39320,861495.85,21.91,14.17,2.91,2.06,12.98,2024-01-01 00:00:11.000,2024-01-31 23:59:43.000,30,32
233,Manhattan,UN/Turtle Bay South,Yellow Zone,32545,785520.53,24.14,15.85,3.01,2.54,13.40,2024-01-01 00:06:52.000,2024-01-31 23:51:02.000,34,33
70,Queens,East Elmhurst,Boro Zone,11787,761265.06,64.59,41.66,8.51,9.56,26.99,2024-01-01 00:02:34.000,2024-01-31 23:58:54.000,47,34
143,Manhattan,Lincoln Square West,Yellow Zone,34391,718905.05,20.9,13.57,2.63,2.1,11.63,2024-01-01 00:01:57.000,2024-01-31 23:49:09.000,33,35
137,Manhattan,Kips Bay,Yellow Zone,31750,687233.91,21.65,14.23,2.49,2.28,12.48,2024-01-01 00:02:21.000,2024-01-31 23:56:59.000,35,36
148,Manhattan,Lower East Side,Yellow Zone,26645,660254.15,24.78,16.84,3,2.85,13.87,2024-01-01 00:02:31.000,2024-01-31 23:55:45.000,36,37
144,Manhattan,Little Italy/NoLiTa,Yellow Zone,24628,582809.6,23.66,15.86,2.91,2.48,14.25,2024-01-01 00:03:26.000,2024-01-31 23:59:36.000,37,38
158,Manhattan,Meatpacking/West Village West,Yellow Zone,22788,557374.21,24.46,16.26,3.22,2.62,14.41,2024-01-01 00:03:03.000,2024-01-31 23:59:04.000,39,39
151,Manhattan,Manhattan Valley,Yellow Zone,23623,498094.41,21.09,14.53,2.67,2.34,12.18,2024-01-01 00:04:11.000,2024-01-31 23:39:11.000,38,40
13,Manhattan,Battery Park City,Yellow Zone,15292,489262.89,31.99,22.45,4.21,4.43,17.11,2024-01-01 00:14:34.000,2024-01-31 23:47:40.000,43,41
211,Manhattan,SoHo,Yellow Zone,19534,465686.68,23.84,15.92,3.03,2.49,14.33,2024-01-01 00:04:24.000,2024-01-31 23:53:16.000,40,42
261,Manhattan,World Trade Center,Yellow Zone,12372,395150.62,31.94,22.89,3.85,4.26,18.92,2024-01-01 00:04:58.000,2024-01-31 23:51:15.000,46,43
87,Manhattan,Financial District North,Yellow Zone,11551,369344.66,31.98,22.81,3.92,4.45,17.76,2024-01-01 00:06:40.000,2024-01-31 23:56:06.000,48,44
75,Manhattan,East Harlem South,Boro Zone,17319,362952.11,20.96,15.05,2.13,2.49,12.93,2024-01-01 00:03:27.000,2024-01-31 23:45:29.000,41,45
50,Manhattan,Clinton West,Yellow Zone,15446,359614.54,23.28,15.78,2.65,2.61,12.99,2024-01-01 00:00:42.000,2024-01-31 23:59:34.000,42,46
125,Manhattan,Hudson Sq,Yellow Zone,13278,318653.24,24,15.91,3.13,2.54,13.73,2024-01-01 00:00:04.000,2024-01-31 23:55:55.000,44,47
166,Manhattan,Morningside Heights,Boro Zone,13247,302204.89,22.81,16.28,2.86,2.7,13.85,2024-01-01 00:04:05.000,2024-01-31 23:57:53.000,45,48
264,Unknown,N/A,N/A,9506,256295.75,26.96,18.6,3.37,3.34,14.81,2024-01-01 00:05:17.000,2024-01-31 23:43:31.000,49,49
88,Manhattan,Financial District South,Yellow Zone,6662,219298.3,32.92,23.89,3.78,4.76,19.09,2024-01-01 00:04:20.000,2024-01-31 23:31:40.000,51,50
24,Manhattan,Bloomingdale,Yellow Zone,7614,166135.84,21.82,15.31,2.73,2.48,12.90,2024-01-01 00:08:06.000,2024-01-31 23:52:40.000,50,51
41,Manhattan,Central Harlem,Boro Zone,6319,132784.36,21.01,15.98,1.86,2.71,14.04,2024-01-01 00:04:22.000,2024-01-31 23:53:06.000,52,52
209,Manhattan,Seaport,Yellow Zone,4229,128452.98,30.37,21.61,3.68,4.15,17.14,2024-01-01 00:05:48.000,2024-01-31 23:56:08.000,54,53
74,Manhattan,East Harlem North,Boro Zone,5505,116209.42,21.11,16.23,1.58,2.83,13.81,2024-01-01 00:00:58.000,2024-01-31 23:47:56.000,53,54
45,Manhattan,Chinatown,Yellow Zone,3618,101413.85,28.03,20.19,3.01,3.51,17.99,2024-01-01 00:19:58.000,2024-01-31 23:56:17.000,55,55
232,Manhattan,Two Bridges/Seward Park,Yellow Zone,3399,93979.32,27.65,20.23,2.78,3.55,17.22,2024-01-01 00:05:54.000,2024-01-31 23:24:55.000,56,56
224,Manhattan,Stuy Town/Peter Cooper Village,Yellow Zone,3396,78125.91,23.01,15.75,2.58,2.54,13.21,2024-01-01 00:10:04.000,2024-01-31 22:57:54.000,57,57
4,Manhattan,Alphabet City,Yellow Zone,3239,76920.76,23.75,16.58,2.54,2.76,13.97,2024-01-01 00:06:33.000,2024-01-31 22:42:31.000,58,58
226,Queens,Sunnyside,Boro Zone,2208,76787.74,34.78,28.24,3.01,4.68,19.77,2024-01-01 00:24:49.000,2024-01-31 22:23:10.000,60,59
42,Manhattan,Central Harlem North,Boro Zone,2683,66072.1,24.63,20.83,1.05,3.91,20.17,2024-01-01 00:35:51.000,2024-01-31 23:15:46.000,59,60
10,Queens,Baisley Park,Boro Zone,846,62925.64,74.38,59.93,7.57,12.71,36.90,2024-01-01 00:30:39.000,2024-01-31 23:08:11.000,74,61
145,Queens,Long Island City/Hunters Point,Boro Zone,1422,62402.18,43.88,34.58,4.3,5.15,19.25,2024-01-01 00:26:56.000,2024-01-31 22:03:59.000,65,62
116,Manhattan,Hamilton Heights,Boro Zone,1982,52872.58,26.68,21.44,2.1,4.14,17.90,2024-01-01 00:16:05.000,2024-01-31 21:05:40.000,61,63
244,Manhattan,Washington Heights South,Boro Zone,1684,50493.24,29.98,24.44,2.33,4.96,20.60,2024-01-01 00:20:46.000,2024-01-31 22:26:41.000,63,64
265,N/A,Outside of NYC,N/A,559,45415.88,81.24,70.13,6.07,10.79,31.84,2024-01-01 00:03:55.000,2024-01-31 20:05:57.000,84,65
65,Brooklyn,Downtown Brooklyn/MetroTech,Boro Zone,1282,42240.43,32.95,26.44,2.99,5.29,22.44,2024-01-01 00:33:15.000,2024-01-31 22:45:38.000,67,66
152,Manhattan,Manhattanville,Boro Zone,1772,41403.04,23.37,18.23,1.9,3.38,15.08,2024-01-01 00:32:01.000,2024-01-31 20:01:56.000,62,67
7,Queens,Astoria,Boro Zone,1485,38414.82,25.87,21.38,1.51,4.01,18.58,2024-01-01 00:12:39.000,2024-01-31 23:31:16.000,64,68
33,Brooklyn,Brooklyn Heights,Boro Zone,1162,38361.85,33.01,26.25,3.49,5.31,23.21,2024-01-01 00:17:08.000,2024-01-31 23:37:12.000,68,69
93,Queens,Flushing Meadows-Corona Park,Boro Zone,442,34443.98,77.93,61.35,8.91,9.44,20.68,2024-01-01 00:28:13.000,2024-01-31 22:59:53.000,101,70
215,Queens,South Jamaica,Boro Zone,519,33111.33,63.8,52.42,5.44,11.41,37.88,2024-01-01 00:43:55.000,2024-01-31 22:54:42.000,91,71
130,Queens,Jamaica,Boro Zone,613,32537.77,53.08,44.99,3.61,9.41,30.73,2024-01-01 00:22:57.000,2024-01-31 22:06:52.000,81,72
146,Queens,Long Island City/Queens Plaza,Boro Zone,1318,31716.67,24.06,18.63,1.96,3.21,15.42,2024-01-01 01:18:02.000,2024-01-31 23:26:57.000,66,73
216,Queens,South Ozone Park,Boro Zone,532,31408.59,59.04,49.61,5.17,7.49,25.00,2024-01-01 00:07:49.000,2024-01-31 18:16:38.000,88,74
76,Brooklyn,East New York,Boro Zone,839,29148.29,34.74,32.42,0.15,7.63,42.28,2024-01-01 04:42:48.000,2024-01-31 19:11:08.000,76,75
97,Brooklyn,Fort Greene,Boro Zone,1047,29139.83,27.83,23.03,2.02,4.42,22.90,2024-01-01 00:20:10.000,2024-01-31 23:54:37.000,69,76
61,Brooklyn,Crown Heights North,Boro Zone,917,28803.09,31.41,28.64,0.74,6.16,37.90,2024-01-01 00:21:35.000,2024-01-31 22:05:22.000,72,77
219,Queens,Springfield Gardens South,Boro Zone,386,28627.5,74.16,61.59,6.62,13.41,38.29,2024-01-01 00:39:36.000,2024-01-31 23:59:42.000,104,78
25,Brooklyn,Boerum Hill,Boro Zone,922,27741.08,30.09,24.95,2.32,5,24.11,2024-01-01 00:28:46.000,2024-01-31 23:40:54.000,71,79
12,Manhattan,Battery Park,Yellow Zone,845,27331.13,32.34,24.13,3.46,4.52,19.88,2024-01-01 00:13:34.000,2024-01-31 22:44:13.000,75,80
181,Brooklyn,Park Slope,Boro Zone,886,27133.56,30.62,25.31,2.51,5.21,24.99,2024-01-01 00:08:50.000,2024-01-31 23:41:37.000,73,81
255,Brooklyn,Williamsburg (North Side),Boro Zone,949,27011.71,28.46,22.6,2.41,4.37,18.55,2024-01-01 00:13:42.000,2024-01-31 23:33:33.000,70,82
223,Queens,Steinway,Boro Zone,549,25488.92,46.43,35.87,4.72,6.19,21.34,2024-01-01 00:34:41.000,2024-01-31 23:23:01.000,85,83
256,Brooklyn,Williamsburg (South Side),Boro Zone,780,23363.65,29.95,24.27,2.46,4.49,19.96,2024-01-01 00:12:58.000,2024-01-31 23:46:37.000,77,84
39,Brooklyn,Canarsie,Boro Zone,597,22794.42,38.18,35.62,0.24,8.63,47.10,2024-01-01 01:14:48.000,2024-01-31 13:31:07.000,83,85
129,Queens,Jackson Heights,Boro Zone,676,22622.3,33.46,27.13,2.09,5.2,21.83,2024-01-01 00:17:22.000,2024-01-31 21:41:13.000,78,86
260,Queens,Woodside,Boro Zone,646,22572.8,34.94,28.33,2.82,4.19,18.38,2024-01-01 00:52:07.000,2024-01-31 23:12:01.000,79,87
66,Brooklyn,DUMBO/Vinegar Hill,Boro Zone,606,20050.64,33.09,26.34,3.13,5.18,20.80,2024-01-01 00:14:25.000,2024-01-31 22:18:29.000,82,88
28,Queens,Briarwood/Jamaica Hills,Boro Zone,365,19601.24,53.7,44.81,3.96,9.09,29.48,2024-01-01 00:36:22.000,2024-01-31 17:06:09.000,108,89
188,Brooklyn,Prospect-Lefferts Gardens,Boro Zone,629,19390.69,30.83,28.3,0.43,6.25,39.47,2024-01-01 00:02:48.000,2024-01-31 19:22:11.000,80,90
80,Brooklyn,East Williamsburg,Boro Zone,542,18902.1,34.87,28.6,2.79,5.41,22.02,2024-01-01 00:19:52.000,2024-01-31 23:36:36.000,86,91
82,Queens,Elmhurst,Boro Zone,453,17942.57,39.61,32.57,2.83,5.11,22.55,2024-01-01 00:41:45.000,2024-01-31 22:26:50.000,98,92
89,Brooklyn,Flatbush/Ditmas Park,Boro Zone,501,17089.3,34.11,31.06,0.68,6.9,41.49,2024-01-01 01:40:30.000,2024-01-31 19:00:04.000,92,93
197,Queens,Richmond Hill,Boro Zone,380,16072.93,42.3,36.99,2.37,7.02,31.01,2024-01-01 00:29:12.000,2024-01-31 23:26:47.000,107,94
51,Bronx,Co-Op City,Boro Zone,362,15943.14,44.04,40.3,0.15,10.49,46.60,2024-01-01 16:45:31.000,2024-01-31 13:34:01.000,109,95
35,Brooklyn,Brownsville,Boro Zone,488,15688.85,32.15,30.13,0.07,6.72,44.75,2024-01-01 00:38:14.000,2024-01-31 18:57:45.000,95,96
112,Brooklyn,Greenpoint,Boro Zone,527,15473.48,29.36,22.99,2.52,4.46,19.29,2024-01-01 00:22:42.000,2024-01-31 23:10:47.000,89,97
195,Brooklyn,Red Hook,Boro Zone,278,15455.65,55.6,46.52,3.99,9.87,32.66,2024-01-01 02:22:11.000,2024-01-31 19:41:48.000,118,98
225,Brooklyn,Stuyvesant Heights,Boro Zone,494,15374.79,31.12,28.25,0.73,5.99,37.06,2024-01-01 00:35:27.000,2024-01-31 16:36:23.000,93,99
95,Queens,Forest Hills,Boro Zone,472,15248.79,32.31,27.99,1.21,5.88,27.06,2024-01-01 00:46:08.000,2024-01-31 21:21:25.000,96,100
37,Brooklyn,Bushwick South,Boro Zone,466,15176.57,32.57,28.62,1.19,5.77,30.24,2024-01-01 00:02:24.000,2024-01-31 22:22:29.000,97,101
193,Queens,Queensbridge/Ravenswood,Boro Zone,523,15085.1,28.84,24.23,1.6,4.71,22.29,2024-01-01 03:44:22.000,2024-01-31 22:35:47.000,90,102
52,Brooklyn,Cobble Hill,Boro Zone,493,14307.16,29.02,22.54,3.38,4.24,20.67,2024-01-01 00:29:00.000,2024-01-31 22:15:56.000,94,103
49,Brooklyn,Clinton Hill,Boro Zone,446,14081.7,31.57,27.43,1.58,5.83,31.69,2024-01-01 00:16:08.000,2024-01-31 23:46:51.000,99,104
179,Queens,Old Astoria,Boro Zone,535,13857.87,25.9,21.33,1.49,4.15,18.83,2024-01-01 00:48:55.000,2024-01-31 19:51:34.000,87,105
14,Brooklyn,Bay Ridge,Boro Zone,313,13573.57,43.37,38.26,1.26,9.97,40.02,2024-01-01 00:37:33.000,2024-01-31 12:49:38.000,114,106
17,Brooklyn,Bedford,Boro Zone,445,13276.48,29.83,26.72,0.91,5.19,31.58,2024-01-01 00:39:24.000,2024-01-31 18:23:57.000,100,107
134,Queens,Kew Gardens,Boro Zone,247,13182.23,53.37,44.9,4.6,6.92,24.71,2024-01-01 00:15:48.000,2024-01-31 18:44:03.000,123,108
72,Brooklyn,East Flatbush/Remsen Village,Boro Zone,395,12993.77,32.9,30.91,0.04,6.9,42.18,2024-01-01 04:00:30.000,2024-01-31 15:15:26.000,103,109
86,Queens,Far Rockaway,Boro Zone,242,12936.36,53.46,50.62,0,14.47,64.35,2024-01-01 01:31:08.000,2024-01-31 16:07:07.000,126,110
168,Bronx,Mott Haven/Port Morris,Boro Zone,430,12698.65,29.53,26.3,0.56,5.51,26.99,2024-01-01 00:27:47.000,2024-01-31 19:33:08.000,102,111
205,Queens,Saint Albans,Boro Zone,295,12646.71,42.87,39.99,0.14,10.61,49.61,2024-01-01 01:42:45.000,2024-01-31 17:55:16.000,117,112
55,Brooklyn,Coney Island,Boro Zone,275,12598.65,45.81,43.31,0.15,11.99,57.21,2024-01-01 01:02:53.000,2024-01-31 11:27:56.000,119,113
243,Manhattan,Washington Heights North,Boro Zone,383,12416.54,32.42,27.39,1.98,5.98,22.77,2024-01-01 00:57:21.000,2024-01-31 14:50:47.000,105,114
157,Queens,Maspeth,Boro Zone,244,12281.12,50.33,39.85,5.4,5.7,20.41,2024-01-01 01:02:39.000,2024-01-31 23:28:09.000,125,115
91,Brooklyn,Flatlands,Boro Zone,381,12271.92,32.21,30.19,0.14,7.06,43.77,2024-01-01 01:15:28.000,2024-01-31 15:10:28.000,106,116
218,Queens,Springfield Gardens North,Boro Zone,273,11120.57,40.73,37.49,0.61,9.24,41.19,2024-01-01 00:23:38.000,2024-01-31 19:02:31.000,121,117
56,Queens,Corona,Boro Zone,228,10920.72,47.9,39.52,3.83,7.03,30.57,2024-01-01 01:29:07.000,2024-01-31 21:08:36.000,131,118
117,Queens,Hammels/Arverne,Boro Zone,216,10874.85,50.35,47.11,0.23,13.49,60.79,2024-01-01 03:32:55.000,2024-01-31 17:42:27.000,135,119
177,Brooklyn,Ocean Hill,Boro Zone,323,10558.99,32.69,30.23,0.27,6.83,37.22,2024-01-01 01:09:30.000,2024-01-31 19:52:02.000,113,120
62,Brooklyn,Crown Heights South,Boro Zone,344,10530.11,30.61,28.1,0.57,5.71,36.33,2024-01-01 01:23:56.000,2024-01-31 21:02:49.000,111,121
71,Brooklyn,East Flatbush/Farragut,Boro Zone,357,10353.11,29,27.16,0.06,5.72,39.03,2024-01-01 04:36:06.000,2024-01-31 16:07:45.000,110,122
40,Brooklyn,Carroll Gardens,Boro Zone,325,9992.02,30.74,23.47,3,4.63,19.25,2024-01-01 00:52:13.000,2024-01-31 20:58:21.000,112,123
191,Queens,Queens Village,Boro Zone,219,9546.18,43.59,40.25,0.48,11.11,43.73,2024-01-01 04:01:32.000,2024-01-31 14:18:32.000,134,124
69,Bronx,East Concourse/Concourse Village,Boro Zone,299,9513.89,31.82,29.1,0.14,6.55,38.98,2024-01-01 02:34:00.000,2024-01-31 13:18:15.000,115,125
222,Brooklyn,Starrett City,Boro Zone,237,9505.52,40.11,37.62,0.11,8.77,44.50,2024-01-01 00:23:53.000,2024-01-31 13:13:46.000,129,126
189,Brooklyn,Prospect Heights,Boro Zone,298,9192.29,30.85,25.47,2.8,4.97,25.32,2024-01-01 00:27:29.000,2024-01-31 23:06:13.000,116,127
213,Bronx,Soundview/Castle Hill,Boro Zone,247,8690.43,35.18,32.09,0.12,8.13,39.04,2024-01-01 01:00:27.000,2024-01-31 09:26:19.000,123,128
196,Queens,Rego Park,Boro Zone,200,8479.64,42.4,35.3,3,6.49,27.76,2024-01-01 04:29:12.000,2024-01-31 16:04:25.000,140,129
210,Brooklyn,Sheepshead Bay,Boro Zone,194,8313.62,42.85,40.09,0.09,10.19,53.20,2024-01-01 00:44:09.000,2024-01-31 13:13:07.000,141,130
36,Brooklyn,Bushwick North,Boro Zone,260,8205.3,31.56,27.36,1.3,5.42,25.39,2024-01-01 00:58:36.000,2024-01-31 08:49:21.000,122,131
92,Queens,Flushing,Boro Zone,210,8163.94,38.88,34.21,1.18,8.09,34.91,2024-01-01 01:01:35.000,2024-01-31 14:53:48.000,137,132
247,Bronx,West Concourse,Boro Zone,275,8155.31,29.66,26.47,0.46,5.58,29.86,2024-01-01 00:33:54.000,2024-01-31 16:29:41.000,119,133
235,Bronx,University Heights/Morris Heights,Boro Zone,232,8076.14,34.81,32.22,0.13,7.82,37.35,2024-01-01 03:52:09.000,2024-01-31 17:20:28.000,130,134
77,Brooklyn,East New York/Pennsylvania Avenue,Boro Zone,221,7938.78,35.92,33.81,0.03,8.28,46.81,2024-01-01 00:54:58.000,2024-01-31 16:33:47.000,133,135
254,Bronx,Williamsbridge/Olinville,Boro Zone,190,7933.77,41.76,38.41,0.07,9.92,44.35,2024-01-01 03:51:44.000,2024-01-31 16:17:36.000,142,136
203,Queens,Rosedale,Boro Zone,168,7931.06,47.21,43.44,1.17,10.24,39.11,2024-01-01 00:26:51.000,2024-01-31 14:04:26.000,151,137
167,Bronx,Morrisania/Melrose,Boro Zone,239,7884.32,32.99,30.58,0.04,6.5,38.03,2024-01-01 00:21:47.000,2024-01-31 22:00:29.000,128,138
155,Brooklyn,Marine Park/Mill Basin,Boro Zone,185,7696.56,41.6,37.82,1.27,9.08,44.75,2024-01-01 11:09:30.000,2024-01-31 17:53:22.000,143,139
127,Manhattan,Inwood,Boro Zone,213,7557.23,35.48,31.58,0.98,7.3,33.33,2024-01-01 00:12:36.000,2024-01-31 20:52:48.000,136,140
228,Brooklyn,Sunset Park West,Boro Zone,181,7403.77,40.9,35.75,1.94,8.62,35.66,2024-01-01 00:43:38.000,2024-01-31 16:12:37.000,145,141
182,Bronx,Parkchester,Boro Zone,201,7242.21,36.03,33.15,0.08,8.09,40.59,2024-01-01 15:08:05.000,2024-01-31 13:11:20.000,138,142
159,Bronx,Melrose South,Boro Zone,240,7167.77,29.87,27.18,0.16,5.77,34.52,2024-01-01 01:01:58.000,2024-01-31 17:41:35.000,127,143
165,Brooklyn,Midwood,Boro Zone,222,7038.16,31.7,29.4,0.19,6.67,44.82,2024-01-01 08:38:25.000,2024-01-31 13:35:07.000,132,144
26,Brooklyn,Borough Park,Boro Zone,201,6686.39,33.27,30.15,0.36,6.88,44.22,2024-01-01 06:43:16.000,2024-01-31 22:50:04.000,138,145
18,Bronx,Bedford Park,Boro Zone,162,6566.17,40.53,37.12,0.23,9.5,41.90,2024-01-01 00:08:27.000,2024-01-31 12:06:49.000,152,146
29,Brooklyn,Brighton Beach,Boro Zone,140,6298.94,44.99,42.36,0.13,10.75,53.71,2024-01-01 00:50:20.000,2024-01-31 15:32:41.000,158,147
78,Bronx,East Tremont,Boro Zone,175,6039.3,34.51,31.54,0.05,7.64,39.98,2024-01-01 00:25:16.000,2024-01-31 18:28:35.000,147,148
139,Queens,Laurelton,Boro Zone,136,6034.3,44.37,41.28,0.3,11.44,52.31,2024-01-01 00:46:21.000,2024-01-31 13:26:45.000,164,149
194,Manhattan,Randalls Island,Yellow Zone,86,5976.74,69.5,52.49,7.52,5.93,17.37,2024-01-01 00:33:24.000,2024-01-31 23:10:52.000,191,150
63,Brooklyn,Cypress Hills,Boro Zone,171,5969.82,34.91,31.79,0.79,7.46,39.12,2024-01-01 00:42:03.000,2024-01-31 17:42:40.000,149,151
198,Queens,Ridgewood,Boro Zone,182,5869.37,32.25,28,1.54,5.55,27.32,2024-01-01 00:40:30.000,2024-01-31 17:50:50.000,144,152
242,Bronx,Van Nest/Morris Park,Boro Zone,169,5867.76,34.72,31.26,0.35,7.53,37.57,2024-01-01 00:19:34.000,2024-01-31 18:24:34.000,150,153
169,Bronx,Mount Hope,Boro Zone,177,5508.38,31.12,28.7,0.07,6.46,34.53,2024-01-01 00:51:30.000,2024-01-31 20:33:17.000,146,154
85,Brooklyn,Erasmus,Boro Zone,172,5496.33,31.96,29.34,0.26,6.16,39.44,2024-01-01 01:32:04.000,2024-01-31 15:14:10.000,148,155
258,Queens,Woodhaven,Boro Zone,148,5473.81,36.99,33.97,0.28,7.77,41.18,2024-01-01 04:14:38.000,2024-01-31 13:16:24.000,155,156
38,Queens,Cambria Heights,Boro Zone,116,5446.11,46.95,43.5,0.29,11.02,45.84,2024-01-01 07:29:59.000,2024-01-31 12:39:35.000,172,157
124,Queens,Howard Beach,Boro Zone,108,5360.24,49.63,44.73,1.98,9.97,34.64,2024-01-01 04:37:54.000,2024-01-31 12:17:08.000,177,158
131,Queens,Jamaica Estates,Boro Zone,145,5352.82,36.92,33.86,0.21,8.9,41.64,2024-01-01 00:35:00.000,2024-01-31 13:26:03.000,157,159
241,Bronx,Van Cortlandt Village,Boro Zone,139,5342.94,38.44,35.15,0.05,8.85,40.86,2024-01-01 00:56:55.000,2024-01-31 16:19:15.000,161,160
83,Queens,Elmhurst/Maspeth,Boro Zone,137,5264.95,38.43,31.32,2.76,5.31,21.09,2024-01-01 00:58:23.000,2024-01-31 17:58:24.000,163,161
22,Brooklyn,Bensonhurst West,Boro Zone,140,5218.28,37.27,34.15,0.37,7.79,45.12,2024-01-01 01:31:30.000,2024-01-31 14:01:01.000,158,162
47,Bronx,Claremont/Bathgate,Boro Zone,153,5199.54,33.98,31.01,0.03,7.04,37.88,2024-01-01 01:36:37.000,2024-01-31 12:06:17.000,154,163
174,Bronx,Norwood,Boro Zone,125,5186.68,41.49,38.18,0.16,10.02,47.82,2024-01-01 00:54:21.000,2024-01-31 18:30:35.000,167,164
121,Queens,Hillcrest/Pomonok,Boro Zone,161,5160.45,32.05,29.19,0.53,6.52,32.82,2024-01-01 09:27:33.000,2024-01-31 16:00:00.000,153,165
108,Brooklyn,Gravesend,Boro Zone,108,4860.83,45.01,42.15,0.22,11.2,54.25,2024-01-01 13:28:31.000,2024-01-31 15:35:57.000,177,166
123,Brooklyn,Homecrest,Boro Zone,138,4831.08,35.01,32.76,0.21,8,42.52,2024-01-01 02:22:42.000,2024-01-31 17:01:54.000,162,167
220,Bronx,Spuyten Duyvil/Kingsbridge,Boro Zone,127,4801.73,37.81,33.65,0.57,8.66,36.87,2024-01-01 00:25:11.000,2024-01-31 15:50:16.000,166,168
119,Bronx,Highbridge,Boro Zone,146,4725.8,32.37,29.04,0.55,6.58,35.27,2024-01-01 04:44:18.000,2024-01-31 18:05:27.000,156,169
81,Bronx,Eastchester,Boro Zone,112,4620.57,41.26,37.99,0,9.66,44.79,2024-01-01 02:07:45.000,2024-01-31 17:18:32.000,174,170
106,Brooklyn,Gowanus,Boro Zone,140,4616.61,32.98,28.01,2,6.15,28.68,2024-01-01 01:27:28.000,2024-01-31 22:09:02.000,158,171
21,Brooklyn,Bensonhurst East,Boro Zone,122,4448.17,36.46,33.54,0.66,7.8,42.96,2024-01-01 05:42:29.000,2024-01-31 20:23:50.000,168,172
135,Queens,Kew Gardens Hills,Boro Zone,117,4352.87,37.2,32.46,0.73,8.02,35.27,2024-01-01 00:24:46.000,2024-01-31 15:04:42.000,169,173
136,Bronx,Kingsbridge Heights,Boro Zone,117,4308.39,36.82,34.26,0.15,8.37,44.29,2024-01-01 00:00:03.000,2024-01-31 17:47:53.000,169,174
259,Bronx,Woodlawn/Wakefield,Boro Zone,98,4301.01,43.89,40.71,0,10.7,48.30,2024-01-01 06:48:29.000,2024-01-31 05:56:40.000,184,175
202,Manhattan,Roosevelt Island,Boro Zone,117,4102.61,35.07,28.7,2.89,5.84,27.71,2024-01-01 00:47:00.000,2024-01-31 19:35:06.000,169,176
217,Brooklyn,South Williamsburg,Boro Zone,133,4051.64,30.46,26.26,1.54,5.35,25.50,2024-01-01 01:29:00.000,2024-01-31 19:10:12.000,165,177
67,Brooklyn,Dyker Heights,Boro Zone,94,4042.61,43.01,37.86,1.22,8.92,45.11,2024-01-01 05:50:47.000,2024-01-31 11:32:51.000,186,178
149,Brooklyn,Madison,Boro Zone,110,3948.84,35.9,33.63,0,8.11,46.27,2024-01-01 06:10:24.000,2024-01-31 16:15:52.000,175,179
20,Bronx,Belmont,Boro Zone,104,3924.65,37.74,34.5,0.14,8.59,43.63,2024-01-01 00:33:21.000,2024-01-31 15:05:59.000,181,180
248,Bronx,West Farms/Bronx River,Boro Zone,116,3833.04,33.04,30.3,0.12,7.39,34.64,2024-01-01 01:38:28.000,2024-01-31 14:59:46.000,172,181
32,Bronx,Bronxdale,Boro Zone,102,3770.21,36.96,34.22,0,8.51,45.84,2024-01-01 02:21:53.000,2024-01-31 12:21:26.000,182,182
3,Bronx,Allerton/Pelham Gardens,Boro Zone,82,3708.59,45.23,41.92,0.25,9.67,42.68,2024-01-01 01:06:03.000,2024-01-31 15:19:45.000,193,183
208,Bronx,Schuylerville/Edgewater Park,Boro Zone,92,3671.44,39.91,36.42,0.62,9.17,38.65,2024-01-01 01:12:06.000,2024-01-31 22:28:02.000,187,184
212,Bronx,Soundview/Bruckner,Boro Zone,107,3657.78,34.18,31.37,0,7.99,38.18,2024-01-01 01:20:22.000,2024-01-31 12:09:09.000,180,185
133,Brooklyn,Kensington,Boro Zone,109,3580.81,32.85,29.17,1.07,6.7,34.12,2024-01-01 06:30:26.000,2024-01-31 11:54:22.000,176,186
185,Bronx,Pelham Parkway,Boro Zone,108,3455.72,32,29.41,0.24,6.44,33.37,2024-01-01 04:15:15.000,2024-01-31 15:13:44.000,177,187
227,Brooklyn,Sunset Park East,Boro Zone,95,3355.11,35.32,32.32,0.4,7.26,46.14,2024-01-01 03:27:31.000,2024-01-31 16:27:05.000,185,188
60,Bronx,Crotona Park East,Boro Zone,102,3346.76,32.81,29.94,0.03,7.32,37.59,2024-01-01 04:16:20.000,2024-01-31 04:54:44.000,182,189
180,Queens,Ozone Park,Boro Zone,90,3308.4,36.76,32.72,1.16,6.83,32.47,2024-01-01 00:58:30.000,2024-01-31 16:12:22.000,188,190
160,Queens,Middle Village,Boro Zone,77,3305.95,42.93,36.44,2.74,7,31.04,2024-01-01 02:21:41.000,2024-01-30 22:54:28.000,196,191
201,Queens,Rockaway Park,Boro Zone,69,3281.68,47.56,44.45,0.01,12.98,55.13,2024-01-01 18:12:23.000,2024-01-31 15:00:41.000,197,192
200,Bronx,Riverdale/North Riverdale/Fieldston,Boro Zone,82,3145.45,38.36,35.24,0.07,9.34,36.65,2024-01-01 00:36:52.000,2024-01-31 14:14:02.000,193,193
147,Bronx,Longwood,Boro Zone,88,2985.15,33.92,31.27,0.09,7.02,42.73,2024-01-01 01:19:24.000,2024-01-31 14:45:42.000,190,194
150,Brooklyn,Manhattan Beach,Boro Zone,67,2976.27,44.42,40.34,1.27,10.34,46.87,2024-01-01 06:17:22.000,2024-01-31 09:32:53.000,198,195
250,Bronx,Westchester Village/Unionport,Boro Zone,89,2933.64,32.96,29.77,0.26,7.22,37.69,2024-01-01 04:34:39.000,2024-01-31 15:51:51.000,189,196
1,EWR,Newark Airport,EWR,29,2903.94,100.14,83.6,10.2,7.47,13.17,2024-01-01 14:57:56.000,2024-01-31 17:50:50.000,225,197
126,Bronx,Hunts Point,Boro Zone,84,2818.83,33.56,30.46,0.4,6.98,34.62,2024-01-01 02:29:29.000,2024-01-31 14:05:19.000,192,198
19,Queens,Bellerose,Boro Zone,65,2814.78,43.3,38.58,1.35,9.58,36.14,2024-01-01 03:56:51.000,2024-01-31 13:07:56.000,200,199
94,Bronx,Fordham South,Boro Zone,81,2693.86,33.26,30.42,0.06,7.14,40.35,2024-01-01 02:15:58.000,2024-01-31 18:17:07.000,195,200
252,Queens,Whitestone,Boro Zone,58,2555.73,44.06,37.35,2.88,7.95,28.12,2024-01-01 01:24:18.000,2024-01-31 05:48:03.000,205,201
16,Queens,Bayside,Boro Zone,65,2541.91,39.11,35.27,1.4,8.46,37.35,2024-01-01 00:26:16.000,2024-01-31 17:35:50.000,200,202
122,Queens,Hollis,Boro Zone,64,2380.6,37.2,34.39,0,8.33,43.67,2024-01-01 00:26:56.000,2024-01-31 20:58:18.000,203,203
98,Queens,Fresh Meadows,Boro Zone,57,2260.68,39.66,35.44,0.96,8.7,38.04,2024-01-01 01:13:26.000,2024-01-31 17:37:39.000,207,204
257,Brooklyn,Windsor Terrace,Boro Zone,65,2260.01,34.77,30.33,1.3,7.48,32.09,2024-01-01 06:16:35.000,2024-01-31 23:17:44.000,200,205
11,Brooklyn,Bath Beach,Boro Zone,54,2227.49,41.25,37.72,1.3,8.96,42.61,2024-01-02 11:32:12.000,2024-01-31 13:06:44.000,209,206
54,Brooklyn,Columbia Street,Boro Zone,50,2169.43,43.39,35.25,3.19,6.91,28.28,2024-01-03 08:46:28.000,2024-01-31 22:15:03.000,213,207
102,Queens,Glendale,Boro Zone,66,2075.27,31.44,27.09,2.02,5.48,28.74,2024-01-01 00:45:29.000,2024-01-31 16:33:07.000,199,208
171,Queens,Murray Hill-Queens,Boro Zone,57,2047.87,35.93,32.91,0,7.87,36.37,2024-01-01 00:38:02.000,2024-01-30 09:51:51.000,207,209
207,Queens,Saint Michaels Cemetery/Woodside,Boro Zone,39,2033.48,52.14,40.46,6.98,5.99,17.28,2024-01-01 08:44:17.000,2024-01-31 19:28:24.000,220,210
173,Queens,North Corona,Boro Zone,61,2008.39,32.92,28.51,1.22,6.31,28.80,2024-01-01 01:00:16.000,2024-01-31 09:38:35.000,204,211
192,Queens,Queensboro Hill,Boro Zone,58,1964.65,33.87,30.2,0.77,7.07,27.74,2024-01-01 00:30:49.000,2024-01-31 23:14:39.000,205,212
154,Brooklyn,Marine Park/Floyd Bennett Field,Boro Zone,51,1964.51,38.52,29.46,4.72,6.27,15.94,2024-01-01 17:33:09.000,2024-01-31 20:39:08.000,212,213
178,Brooklyn,Ocean Parkway South,Boro Zone,52,1743.1,33.52,30.68,0.14,6.88,38.63,2024-01-01 04:49:53.000,2024-01-31 10:16:43.000,211,214
64,Queens,Douglaston,Boro Zone,43,1708.35,39.73,35.25,0.77,8.23,22.93,2024-01-01 01:39:04.000,2024-01-31 06:55:26.000,217,215
34,Brooklyn,Brooklyn Navy Yard,Boro Zone,54,1700.03,31.48,26.43,1.64,5.74,23.80,2024-01-01 02:16:59.000,2024-01-30 17:57:15.000,209,216
53,Queens,College Point,Boro Zone,37,1698.58,45.91,38.49,1.77,8.8,31.84,2024-01-01 00:54:29.000,2024-01-31 11:54:46.000,221,217
9,Queens,Auburndale,Boro Zone,47,1618.13,34.43,31.53,0.67,7.43,31.70,2024-01-01 00:44:58.000,2024-01-30 15:28:00.000,214,218
175,Queens,Oakland Gardens,Boro Zone,46,1572.44,34.18,32.09,0,8.49,33.39,2024-01-01 21:13:44.000,2024-01-31 19:03:02.000,215,219
101,Queens,Glen Oaks,Boro Zone,40,1572.07,39.3,36.4,0.33,9.37,33.23,2024-01-01 00:47:39.000,2024-01-31 10:38:25.000,219,220
183,Bronx,Pelham Bay,Boro Zone,37,1534.48,41.47,38.22,0,10.49,43.43,2024-01-02 05:20:48.000,2024-01-31 10:49:04.000,221,221
153,Manhattan,Marble Hill,Boro Zone,43,1459.15,33.93,30.06,1.05,7.65,33.91,2024-01-01 00:49:23.000,2024-01-31 12:31:30.000,217,222
190,Brooklyn,Prospect Park,Boro Zone,44,1354.19,30.78,25.76,2.1,4.8,26.95,2024-01-01 00:10:04.000,2024-01-31 06:47:05.000,216,223
73,Queens,East Flushing,Boro Zone,36,1354.08,37.61,34.09,0.54,8.27,38.50,2024-01-01 00:24:49.000,2024-01-31 07:03:15.000,223,224
15,Queens,Bay Terrace/Fort Totten,Boro Zone,30,1153.3,38.44,34.28,0.65,9.06,35.50,2024-01-01 01:44:51.000,2024-01-31 08:19:33.000,224,225
8,Queens,Astoria Park,Boro Zone,10,970.38,97.04,74.14,12.59,10.92,23.90,2024-01-02 13:35:56.000,2024-01-26 11:38:00.000,230,226
128,Manhattan,Inwood Hill Park,Boro Zone,20,828.27,41.41,37.28,1.16,8.68,31.15,2024-01-01 04:09:10.000,2024-01-30 12:53:01.000,226,227
240,Bronx,Van Cortlandt Park,Boro Zone,17,708.16,41.66,37.37,0,10.21,54.35,2024-01-02 13:53:58.000,2024-01-30 05:18:30.000,227,228
6,Staten Island,Arrochar/Fort Wadsworth,Boro Zone,11,580.04,52.73,38.98,3.51,6.31,11.91,2024-01-02 15:57:44.000,2024-01-25 05:45:15.000,228,229
96,Queens,Forest Park/Highland Park,Boro Zone,9,496.15,55.13,45.61,7.37,7.9,17.44,2024-01-01 18:21:45.000,2024-01-30 08:56:05.000,232,230
120,Manhattan,Highbridge Park,Boro Zone,10,477.65,47.77,38.88,4.01,6.08,18.00,2024-01-02 06:39:51.000,2024-01-30 23:55:56.000,230,231
253,Queens,Willets Point,Boro Zone,11,451.94,41.09,37.19,0.27,6.72,16.64,2024-01-01 23:50:00.000,2024-01-28 05:31:34.000,228,232
44,Staten Island,Charleston/Tottenville,Boro Zone,1,354.23,354.23,264.1,58.75,57.2,83.00,2024-01-04 06:38:41.000,2024-01-04 06:38:41.000,250,233
118,Staten Island,Heartland Village/Todt Hill,Boro Zone,3,348.56,116.19,100.62,1.67,21.54,64.67,2024-01-01 22:32:20.000,2024-01-26 12:40:41.000,239,234
46,Bronx,City Island,Boro Zone,7,283.94,40.56,38.07,0,10.29,40.71,2024-01-03 15:00:01.000,2024-01-24 09:39:07.000,233,235
58,Bronx,Country Club,Boro Zone,5,271.18,54.24,43.82,5.78,10.05,24.80,2024-01-15 18:25:08.000,2024-01-27 14:41:49.000,235,236
31,Bronx,Bronx Park,Boro Zone,5,226.25,45.25,42.75,0,12.38,47.40,2024-01-03 11:58:57.000,2024-01-11 12:25:05.000,235,237
172,Staten Island,New Dorp/Midland Beach,Boro Zone,2,200,100,70,21.81,18.06,32.00,2024-01-10 12:45:25.000,2024-01-29 04:24:45.000,243,238
27,Queens,Breezy Point/Fort Tilden/Riis Beach,Boro Zone,5,193.01,38.6,33.8,0,9.42,31.20,2024-01-06 20:30:50.000,2024-01-29 17:23:52.000,235,239
2,Queens,Jamaica Bay,Boro Zone,3,178.59,59.53,48.62,5.93,12.76,24.33,2024-01-04 05:29:47.000,2024-01-08 22:30:16.000,239,240
57,Queens,Corona,Boro Zone,7,172.43,24.63,21.96,1.03,4.47,12.57,2024-01-13 08:33:37.000,2024-01-25 04:54:32.000,233,241
251,Staten Island,Westerleigh,Boro Zone,2,146.58,73.29,50.8,12.3,15.03,32.50,2024-01-01 03:39:43.000,2024-01-28 22:49:57.000,243,242
214,Staten Island,South Beach/Dongan Hills,Boro Zone,4,142.61,35.65,23.74,0,9.32,22.00,2024-01-01 18:34:32.000,2024-01-26 07:53:57.000,238,243
206,Staten Island,Saint George/New Brighton,Boro Zone,3,138.87,46.29,39.33,0,13.87,27.00,2024-01-01 00:19:09.000,2024-01-14 04:40:21.000,239,244
176,Staten Island,Oakwood,Boro Zone,2,123.05,61.53,42.87,5,13.25,29.50,2024-01-09 01:21:45.000,2024-01-20 13:13:33.000,243,245
109,Staten Island,Great Kills,Boro Zone,1,111.48,111.48,72.01,18.58,16.06,29.00,2024-01-18 02:50:53.000,2024-01-18 02:50:53.000,250,246
30,Queens,Broad Channel,Boro Zone,3,109.95,36.65,35.15,0,11.5,56.00,2024-01-09 07:28:53.000,2024-01-16 07:44:15.000,239,247
59,Bronx,Crotona Park,Boro Zone,2,103.44,51.72,43.28,0,12.48,36.50,2024-01-05 09:21:23.000,2024-01-16 16:39:19.000,243,248
115,Staten Island,Grymes Hill/Clifton,Boro Zone,2,95.17,47.58,39.52,1.85,10.73,16.50,2024-01-03 05:18:23.000,2024-01-31 21:49:13.000,243,249
111,Brooklyn,Green-Wood Cemetery,Boro Zone,1,90,90,89,0,5.3,1.00,2024-01-01 04:11:44.000,2024-01-01 04:11:44.000,250,250
184,Bronx,Pelham Bay Park,Boro Zone,2,79,39.5,38,0,9.9,61.00,2024-01-09 11:49:39.000,2024-01-26 06:51:45.000,243,251
204,Staten Island,Rossville/Woodrow,Boro Zone,1,77.71,77.71,62.33,0,29.58,40.00,2024-01-04 00:15:32.000,2024-01-04 00:15:32.000,250,252
156,Staten Island,Mariners Harbor,Boro Zone,1,58,58,55.5,0,12.92,33.00,2024-01-24 20:33:50.000,2024-01-24 20:33:50.000,250,253
23,Staten Island,Bloomfield/Emerson Hill,Boro Zone,2,30.4,15.2,12.45,0,2.15,11.00,2024-01-02 08:30:33.000,2024-01-29 18:08:22.000,243,254
105,Manhattan,Governor's Island/Ellis Island/Liberty Island,Yellow Zone,1,18.48,18.48,11.4,3.08,1.41,10.00,2024-01-16 15:02:16.000,2024-01-16 15:02:16.000,250,255
199,Bronx,Rikers Island,Boro Zone,1,10.9,10.9,4.4,0,0.4,1.00,2024-01-22 12:15:26.000,2024-01-22 12:15:26.000,250,256
245,Staten Island,West Brighton,Boro Zone,1,5.9,5.9,4.4,0,0.34,3.00,2024-01-23 14:39:54.000,2024-01-23 14:39:54.000,250,257
221,Staten Island,Stapleton,Boro Zone,1,1,1,0,0,0.4,3.00,2024-01-22 00:11:34.000,2024-01-22 00:11:34.000,250,258
